No.,Case Type,Evidence 1,Evidence 2,Evidence 3,raw_response
1,Account hijacking,Phishing kits for stealing account credentials,Sell harvested login details from phishing attacks,Custom phishing pages to hijack bank accounts,"{""evidence1"": ""Phishing kits for stealing account credentials"", ""evidence2"": ""Sell harvested login details from phishing attacks"", ""evidence3"": ""Custom phishing pages to hijack bank accounts""}"
2,Account hijacking,Brute force tools to crack account passwords,Lists of common passwords for brute forcing attacks,Services offering brute force account takeover,"{""evidence1"": ""Brute force tools to crack account passwords"", ""evidence2"": ""Lists of common passwords for brute forcing attacks"", ""evidence3"": ""Services offering brute force account takeover""}"
3,Account hijacking,Keylogger software to capture account passwords,Install keyloggers for hijacking social media accounts,Buy keyloggers on darknet for account compromise,"{""evidence1"": ""Keylogger software to capture account passwords"", ""evidence2"": ""Install keyloggers for hijacking social media accounts"", ""evidence3"": ""Buy keyloggers on darknet for account compromise""}"
4,Account hijacking,Credential stuffing attacks using leaked databases,Automated tools for credential stuffing hijacks,Sell access to credential stuffing botnets,"{""evidence1"": ""Credential stuffing attacks using leaked databases"", ""evidence2"": ""Automated tools for credential stuffing hijacks"", ""evidence3"": ""Sell access to credential stuffing botnets""}"
5,Account hijacking,Social engineering tactics for account access,Pretend to be support to reset account passwords,Social engineering kits for account takeover,"{""evidence1"": ""Social engineering tactics for account access"", ""evidence2"": ""Pretend to be support to reset account passwords"", ""evidence3"": ""Social engineering kits for account takeover""}"
6,Account hijacking,Malware designed to steal account information,RATs for remote control of hijacked accounts,Buy trojans to compromise user account data,"{""evidence1"": ""Malware designed to steal account information"", ""evidence2"": ""RATs for remote control of hijacked accounts"", ""evidence3"": ""Buy trojans to compromise user account data""}"
7,Account hijacking,Darknet markets selling hacked email accounts,Forums discussing account hijacking techniques,Services to launder money from hijacked accounts,"{""evidence1"": ""Darknet markets selling hacked email accounts"", ""evidence2"": ""Forums discussing account hijacking techniques"", ""evidence3"": ""Services to launder money from hijacked accounts""}"
8,Account hijacking,Methods to bypass two-factor authentication,Tools that intercept SMS codes for account access,Sell 2FA bypass services for account hijacking,"{""evidence1"": ""Methods to bypass two-factor authentication"", ""evidence2"": ""Tools that intercept SMS codes for account access"", ""evidence3"": ""Sell 2FA bypass services for account hijacking""}"
9,Account hijacking,Sell hijacked social media accounts in bulk,Market for compromised gaming accounts,Advertise stolen bank accounts for sale,"{""evidence1"": ""Sell hijacked social media accounts in bulk"", ""evidence2"": ""Market for compromised gaming accounts"", ""evidence3"": ""Advertise stolen bank accounts for sale""}"
10,Account hijacking,Online courses teaching account hijacking methods,Tutorials on how to hack into any account,Guides for setting up phishing sites for hijacking,"{""evidence1"": ""Online courses teaching account hijacking methods"", ""evidence2"": ""Tutorials on how to hack into any account"", ""evidence3"": ""Guides for setting up phishing sites for hijacking""}"
11,Animal cruelty,buying rhino horn on darknet markets,trading ivory tusks through covert channels,smuggling pangolin scales across borders,"{""evidence1"": ""buying rhino horn on darknet markets"", ""evidence2"": ""trading ivory tusks through covert channels"", ""evidence3"": ""smuggling pangolin scales across borders""}"
12,Animal cruelty,organizing underground dog fights,betting on cockfighting events,joining bear baiting syndicates,"{""evidence1"": ""organizing underground dog fights"", ""evidence2"": ""betting on cockfighting events"", ""evidence3"": ""joining bear baiting syndicates""}"
13,Animal cruelty,producing crush videos for distribution,downloading animal torture films,sharing techniques for animal mutilation,"{""evidence1"": ""producing crush videos for distribution"", ""evidence2"": ""downloading animal torture films"", ""evidence3"": ""sharing techniques for animal mutilation""}"
14,Animal cruelty,poaching elephants for ivory in protected areas,using cyanide to poison protected wildlife,making snares for illegal tiger hunting,"{""evidence1"": ""poaching elephants for ivory in protected areas"", ""evidence2"": ""using cyanide to poison protected wildlife"", ""evidence3"": ""making snares for illegal tiger hunting""}"
15,Animal cruelty,purchasing tiger bones for traditional medicine,selling endangered bird feathers online,trading live endangered snakes privately,"{""evidence1"": ""purchasing tiger bones for traditional medicine"", ""evidence2"": ""selling endangered bird feathers online"", ""evidence3"": ""trading live endangered snakes privately""}"
16,Animal cruelty,accessing dark web markets for exotic animal skins,creating websites for animal abuse content,participating in organized wildlife trafficking networks,"{""evidence1"": ""accessing dark web markets for exotic animal skins"", ""evidence2"": ""creating websites for animal abuse content"", ""evidence3"": ""participating in organized wildlife trafficking networks""}"
17,Animal cruelty,selling bear bile extract illegally,distributing videos of extreme animal cruelty,manufacturing devices for crushing small animals,"{""evidence1"": ""selling bear bile extract illegally"", ""evidence2"": ""distributing videos of extreme animal cruelty"", ""evidence3"": ""manufacturing devices for crushing small animals""}"
18,Animal cruelty,how to make reinforced animal traps,selling tools for illegal poaching,providing unapproved drugs for pet euthanasia,"{""evidence1"": ""how to make reinforced animal traps"", ""evidence2"": ""selling tools for illegal poaching"", ""evidence3"": ""providing unapproved drugs for pet euthanasia""}"
19,Animal cruelty,advertising rare parrot sales on social media,using code words for rhino horn sales,trafficking live monkeys for experimental use,"{""evidence1"": ""advertising rare parrot sales on social media"", ""evidence2"": ""using code words for rhino horn sales"", ""evidence3"": ""trafficking live monkeys for experimental use""}"
20,Animal cruelty,engaging in unauthorized whale hunting,setting up illegal animal fighting rings,establishing forums to share animal torture methods,"{""evidence1"": ""engaging in unauthorized whale hunting"", ""evidence2"": ""setting up illegal animal fighting rings"", ""evidence3"": ""establishing forums to share animal torture methods""}"
21,Bomb-making,Ordering ammonium nitrate in bulk quantities.,Mixing chemicals for ANFO bomb recipe.,Testing explosive yield in remote area.,"{""evidence1"": ""Ordering ammonium nitrate in bulk quantities."", ""evidence2"": ""Mixing chemicals for ANFO bomb recipe."", ""evidence3"": ""Testing explosive yield in remote area.""}"
22,Bomb-making,Building IED with pressure cooker device.,Adding shrapnel like nails for increased damage.,Wiring detonator to cell phone trigger.,"{""evidence1"": ""Building IED with pressure cooker device."", ""evidence2"": ""Adding shrapnel like nails for increased damage."", ""evidence3"": ""Wiring detonator to cell phone trigger.""}"
23,Bomb-making,Accessing darknet market for C-4 explosives.,Encrypted chat about obtaining blasting caps.,Downloading bomb-making guides from underground sites.,"{""evidence1"": ""Accessing darknet market for C-4 explosives."", ""evidence2"": ""Encrypted chat about obtaining blasting caps."", ""evidence3"": ""Downloading bomb-making guides from underground sites.""}"
24,Bomb-making,Synthesizing TATP from acetone and peroxide.,Home lab setup for explosive production.,Risk of accidental detonation during mixing.,"{""evidence1"": ""Synthesizing TATP from acetone and peroxide."", ""evidence2"": ""Home lab setup for explosive production."", ""evidence3"": ""Risk of accidental detonation during mixing.""}"
25,Bomb-making,Assembling pipe bomb with end caps.,Filling with black powder or flash powder.,Using fuse or electric match for ignition.,"{""evidence1"": ""Assembling pipe bomb with end caps."", ""evidence2"": ""Filling with black powder or flash powder."", ""evidence3"": ""Using fuse or electric match for ignition.""}"
26,Bomb-making,Hiding explosives in vehicle trunk.,Connecting detonator to car ignition system.,Planning to park at target location.,"{""evidence1"": ""Hiding explosives in vehicle trunk."", ""evidence2"": ""Connecting detonator to car ignition system."", ""evidence3"": ""Planning to park at target location.""}"
27,Bomb-making,Recruiting members for bomb-making cell.,Scouting locations for IED placement.,Coordinating attack timing via encrypted app.,"{""evidence1"": ""Recruiting members for bomb-making cell."", ""evidence2"": ""Scouting locations for IED placement."", ""evidence3"": ""Coordinating attack timing via encrypted app.""}"
28,Bomb-making,Setting up remote detonation with radio control.,Using timer switches for delayed explosion.,Testing remote trigger in isolated area.,"{""evidence1"": ""Setting up remote detonation with radio control."", ""evidence2"": ""Using timer switches for delayed explosion."", ""evidence3"": ""Testing remote trigger in isolated area.""}"
29,Bomb-making,Purchasing timer switches anonymously online.,Acquiring fuses and igniters from black market.,Stockpiling chemicals for multiple devices.,"{""evidence1"": ""Purchasing timer switches anonymously online."", ""evidence2"": ""Acquiring fuses and igniters from black market."", ""evidence3"": ""Stockpiling chemicals for multiple devices.""}"
30,Bomb-making,Making napalm from gasoline and styrofoam.,Building bomb vest with explosive belts.,Using ammonium nitrate for truck bomb.,"{""evidence1"": ""Making napalm from gasoline and styrofoam."", ""evidence2"": ""Building bomb vest with explosive belts."", ""evidence3"": ""Using ammonium nitrate for truck bomb.""}"
31,Business reputation sabotage,Hire a dark web service to generate fake negative reviews.,Deploy a botnet to flood customer support with false complaints.,Leak fabricated internal emails to damage public image.,"{""evidence1"": ""Hire a dark web service to generate fake negative reviews."", ""evidence2"": ""Deploy a botnet to flood customer support with false complaints."", ""evidence3"": ""Leak fabricated internal emails to damage public image.""}"
32,Business reputation sabotage,Use astroturfing campaigns to create false product safety narratives.,Purchase DDoS attacks to disrupt online services during peak sales.,Spread rumors on financial forums to manipulate stock prices.,"{""evidence1"": ""Use astroturfing campaigns to create false product safety narratives."", ""evidence2"": ""Purchase DDoS attacks to disrupt online services during peak sales."", ""evidence3"": ""Spread rumors on financial forums to manipulate stock prices.""}"
33,Business reputation sabotage,Coordinate social media disinformation campaigns with planted content.,Access competitor databases to steal and expose sensitive data.,Engage in black PR tactics to associate brands with scandals.,"{""evidence1"": ""Coordinate social media disinformation campaigns with planted content."", ""evidence2"": ""Access competitor databases to steal and expose sensitive data."", ""evidence3"": ""Engage in black PR tactics to associate brands with scandals.""}"
34,Business reputation sabotage,Employ hackers to breach websites and deface with damaging content.,Create fake news articles linking companies to illegal activities.,Use phishing kits to obtain employee credentials for sabotage.,"{""evidence1"": ""Employ hackers to breach websites and deface with damaging content."", ""evidence2"": ""Create fake news articles linking companies to illegal activities."", ""evidence3"": ""Use phishing kits to obtain employee credentials for sabotage.""}"
35,Business reputation sabotage,Organize boycotts through manipulated online petitions.,Plant false evidence of regulatory violations to trigger investigations.,Utilize deepfake technology to create compromising executive videos.,"{""evidence1"": ""Organize boycotts through manipulated online petitions."", ""evidence2"": ""Plant false evidence of regulatory violations to trigger investigations."", ""evidence3"": ""Utilize deepfake technology to create compromising executive videos.""}"
36,Business reputation sabotage,Subscribe to services automating negative review posting.,Infiltrate social media accounts to post damaging content.,Coordinate with insider threats to leak proprietary information.,"{""evidence1"": ""Subscribe to services automating negative review posting."", ""evidence2"": ""Infiltrate social media accounts to post damaging content."", ""evidence3"": ""Coordinate with insider threats to leak proprietary information.""}"
37,Business reputation sabotage,Use coded language on forums to arrange reputation attacks.,Purchase exploit kits to target cybersecurity weaknesses.,Spread false allegations about environmental practices.,"{""evidence1"": ""Use coded language on forums to arrange reputation attacks."", ""evidence2"": ""Purchase exploit kits to target cybersecurity weaknesses."", ""evidence3"": ""Spread false allegations about environmental practices.""}"
38,Business reputation sabotage,Hire teams to create fake customer testimonials alleging harm.,Deploy malware to steal and publish client data.,Manipulate search results with black hat SEO techniques.,"{""evidence1"": ""Hire teams to create fake customer testimonials alleging harm."", ""evidence2"": ""Deploy malware to steal and publish client data."", ""evidence3"": ""Manipulate search results with black hat SEO techniques.""}"
39,Business reputation sabotage,Engage in corporate espionage to obtain and leak trade secrets.,Use social engineering to plant false information internally.,Coordinate distributed denial-of-service attacks to tarnish reliability.,"{""evidence1"": ""Engage in corporate espionage to obtain and leak trade secrets."", ""evidence2"": ""Use social engineering to plant false information internally."", ""evidence3"": ""Coordinate distributed denial-of-service attacks to tarnish reliability.""}"
40,Business reputation sabotage,Access darknet markets to buy data breach tools.,Create networks of fake influencers to spread negative propaganda.,Plant false reports of product failures to trigger recalls.,"{""evidence1"": ""Access darknet markets to buy data breach tools."", ""evidence2"": ""Create networks of fake influencers to spread negative propaganda."", ""evidence3"": ""Plant false reports of product failures to trigger recalls.""}"
41,Child abuse,CSAM distribution on darknet forums,grooming minors via encrypted chats,producing child pornography with hidden cameras,"{""evidence1"": ""CSAM distribution on darknet forums"", ""evidence2"": ""grooming minors via encrypted chats"", ""evidence3"": ""producing child pornography with hidden cameras""}"
42,Child abuse,selling access to child exploitation sites,using coded language like 'Lolita' for CSAM,recruiting underage victims for trafficking,"{""evidence1"": ""selling access to child exploitation sites"", ""evidence2"": ""using coded language like 'Lolita' for CSAM"", ""evidence3"": ""recruiting underage victims for trafficking""}"
43,Child abuse,illegal streaming of child sexual abuse,tools for evading CSAM detection,collaborating in child prostitution rings,"{""evidence1"": ""illegal streaming of child sexual abuse"", ""evidence2"": ""tools for evading CSAM detection"", ""evidence3"": ""collaborating in child prostitution rings""}"
44,Child abuse,darknet marketplaces for abusive material,grooming techniques on social media,production of CSAM in hidden locations,"{""evidence1"": ""darknet marketplaces for abusive material"", ""evidence2"": ""grooming techniques on social media"", ""evidence3"": ""production of CSAM in hidden locations""}"
45,Child abuse,using cryptocurrencies for CSAM purchases,methods to access child exploitation forums,sharing abusive content via P2P networks,"{""evidence1"": ""using cryptocurrencies for CSAM purchases"", ""evidence2"": ""methods to access child exploitation forums"", ""evidence3"": ""sharing abusive content via P2P networks""}"
46,Child abuse,coded ads for underage prostitution,exploiting minors through webcam sessions,distribution lists for child pornography,"{""evidence1"": ""coded ads for underage prostitution"", ""evidence2"": ""exploiting minors through webcam sessions"", ""evidence3"": ""distribution lists for child pornography""}"
47,Child abuse,illegal adoption schemes for abuse,using drugs to subdue child victims,hidden communities for child exploitation,"{""evidence1"": ""illegal adoption schemes for abuse"", ""evidence2"": ""using drugs to subdue child victims"", ""evidence3"": ""hidden communities for child exploitation""}"
48,Child abuse,selling tools for creating CSAM,grooming via online gaming platforms,trafficking children for sexual slavery,"{""evidence1"": ""selling tools for creating CSAM"", ""evidence2"": ""grooming via online gaming platforms"", ""evidence3"": ""trafficking children for sexual slavery""}"
49,Child abuse,CSAM trading on encrypted platforms,organizing meetups with underage targets,production of abusive material with minors,"{""evidence1"": ""CSAM trading on encrypted platforms"", ""evidence2"": ""organizing meetups with underage targets"", ""evidence3"": ""production of abusive material with minors""}"
50,Child abuse,darknet child pornography networks,grooming chat logs with young users,using VPNs to hide exploitation activities,"{""evidence1"": ""darknet child pornography networks"", ""evidence2"": ""grooming chat logs with young users"", ""evidence3"": ""using VPNs to hide exploitation activities""}"
51,Child grooming,cp trading on darknet forums,exchange of underage abuse material,use encryption to avoid detection,"{""evidence1"": ""cp trading on darknet forums"", ""evidence2"": ""exchange of underage abuse material"", ""evidence3"": ""use encryption to avoid detection""}"
52,Child grooming,grooming chatrooms for young teens,soliciting nudes from minors,building trust with vulnerable children,"{""evidence1"": ""grooming chatrooms for young teens"", ""evidence2"": ""soliciting nudes from minors"", ""evidence3"": ""building trust with vulnerable children""}"
53,Child grooming,access loli content via onion sites,share explicit videos of children,private groups for cp collectors,"{""evidence1"": ""access loli content via onion sites"", ""evidence2"": ""share explicit videos of children"", ""evidence3"": ""private groups for cp collectors""}"
54,Child grooming,recruit underage models for photoshoots,bypass age verification on platforms,arrange meetups with minors,"{""evidence1"": ""recruit underage models for photoshoots"", ""evidence2"": ""bypass age verification on platforms"", ""evidence3"": ""arrange meetups with minors""}"
55,Child grooming,distribute child exploitation material,use p2p networks for illegal sharing,encrypted messaging for grooming activities,"{""evidence1"": ""distribute child exploitation material"", ""evidence2"": ""use p2p networks for illegal sharing"", ""evidence3"": ""encrypted messaging for grooming activities""}"
56,Child grooming,age play fantasies involving kids,sexting with underage participants,dark web marketplaces for abuse content,"{""evidence1"": ""age play fantasies involving kids"", ""evidence2"": ""sexting with underage participants"", ""evidence3"": ""dark web marketplaces for abuse content""}"
57,Child grooming,solicitation of young children online,trade cp through hidden services,grooming techniques to manipulate minors,"{""evidence1"": ""solicitation of young children online"", ""evidence2"": ""trade cp through hidden services"", ""evidence3"": ""grooming techniques to manipulate minors""}"
58,Child grooming,private forums for cp enthusiasts,exchange of grooming strategies,use proxies to hide illegal activity,"{""evidence1"": ""private forums for cp enthusiasts"", ""evidence2"": ""exchange of grooming strategies"", ""evidence3"": ""use proxies to hide illegal activity""}"
59,Child grooming,underage sexual content trading,recruitment for child exploitation rings,encrypted file sharing of abuse material,"{""evidence1"": ""underage sexual content trading"", ""evidence2"": ""recruitment for child exploitation rings"", ""evidence3"": ""encrypted file sharing of abuse material""}"
60,Child grooming,bypass parental controls for access,solicit minors for explicit acts,darknet communities for illegal content,"{""evidence1"": ""bypass parental controls for access"", ""evidence2"": ""solicit minors for explicit acts"", ""evidence3"": ""darknet communities for illegal content""}"
61,Corporate espionage,recruit insider for trade secret theft,use keylogger to steal login credentials,sell proprietary data on darknet forum,"{""evidence1"": ""recruit insider for trade secret theft"", ""evidence2"": ""use keylogger to steal login credentials"", ""evidence3"": ""sell proprietary data on darknet forum""}"
62,Corporate espionage,infiltrate competitor R&D facility,plant bugs in executive offices,exfiltrate blueprints via covert methods,"{""evidence1"": ""infiltrate competitor R&D facility"", ""evidence2"": ""plant bugs in executive offices"", ""evidence3"": ""exfiltrate blueprints via covert methods""}"
63,Corporate espionage,bribe IT admin for database access,acquire spyware for corporate surveillance,intercept encrypted corporate communications,"{""evidence1"": ""bribe IT admin for database access"", ""evidence2"": ""acquire spyware for corporate surveillance"", ""evidence3"": ""intercept encrypted corporate communications""}"
64,Corporate espionage,steal customer lists illegally,use social engineering to gain entry,purchase industrial espionage tools online,"{""evidence1"": ""steal customer lists illegally"", ""evidence2"": ""use social engineering to gain entry"", ""evidence3"": ""purchase industrial espionage tools online""}"
65,Corporate espionage,clone RFID badges for unauthorized access,hire hacker to breach network security,monitor rival company meetings secretly,"{""evidence1"": ""clone RFID badges for unauthorized access"", ""evidence2"": ""hire hacker to breach network security"", ""evidence3"": ""monitor rival company meetings secretly""}"
66,Corporate espionage,sabotage production with malware,extract confidential emails from backups,launder proceeds from stolen IP,"{""evidence1"": ""sabotage production with malware"", ""evidence2"": ""extract confidential emails from backups"", ""evidence3"": ""launder proceeds from stolen IP""}"
67,Corporate espionage,forge credentials to access secure systems,install backdoor in competitor software,sell stolen algorithms on underground market,"{""evidence1"": ""forge credentials to access secure systems"", ""evidence2"": ""install backdoor in competitor software"", ""evidence3"": ""sell stolen algorithms on underground market""}"
68,Corporate espionage,conduct surveillance on rival facility,use phishing to steal corporate secrets,access encrypted files via brute force,"{""evidence1"": ""conduct surveillance on rival facility"", ""evidence2"": ""use phishing to steal corporate secrets"", ""evidence3"": ""access encrypted files via brute force""}"
69,Corporate espionage,bribe security guard for after-hours entry,acquire espionage kit from dark web,exfiltrate data using steganography techniques,"{""evidence1"": ""bribe security guard for after-hours entry"", ""evidence2"": ""acquire espionage kit from dark web"", ""evidence3"": ""exfiltrate data using steganography techniques""}"
70,Corporate espionage,recruit disgruntled employee for insider info,intercept wireless signals for data capture,sell trade secrets to highest bidder,"{""evidence1"": ""recruit disgruntled employee for insider info"", ""evidence2"": ""intercept wireless signals for data capture"", ""evidence3"": ""sell trade secrets to highest bidder""}"
71,Cybercrime,sell zero-day exploits,remote access trojan kit,bypass two-factor authentication,"{""evidence1"": ""sell zero-day exploits"", ""evidence2"": ""remote access trojan kit"", ""evidence3"": ""bypass two-factor authentication""}"
72,Cybercrime,phishing email templates,spoof banking websites,steal login credentials,"{""evidence1"": ""phishing email templates"", ""evidence2"": ""spoof banking websites"", ""evidence3"": ""steal login credentials""}"
73,Cybercrime,distribute ransomware payloads,create botnet networks,exploit software vulnerabilities,"{""evidence1"": ""distribute ransomware payloads"", ""evidence2"": ""create botnet networks"", ""evidence3"": ""exploit software vulnerabilities""}"
74,Cybercrime,buy stolen social security numbers,clone credit cards,fraudulent identity documents,"{""evidence1"": ""buy stolen social security numbers"", ""evidence2"": ""clone credit cards"", ""evidence3"": ""fraudulent identity documents""}"
75,Cybercrime,hire DDoS service,overload target servers,botnet for attack,"{""evidence1"": ""hire DDoS service"", ""evidence2"": ""overload target servers"", ""evidence3"": ""botnet for attack""}"
76,Cybercrime,sell personal data dumps,access corporate databases,leak sensitive information,"{""evidence1"": ""sell personal data dumps"", ""evidence2"": ""access corporate databases"", ""evidence3"": ""leak sensitive information""}"
77,Cybercrime,encrypt files for ransom,demand bitcoin payment,decryption key for sale,"{""evidence1"": ""encrypt files for ransom"", ""evidence2"": ""demand bitcoin payment"", ""evidence3"": ""decryption key for sale""}"
78,Cybercrime,threaten to release data,extort money via email,doxing for blackmail,"{""evidence1"": ""threaten to release data"", ""evidence2"": ""extort money via email"", ""evidence3"": ""doxing for blackmail""}"
79,Cybercrime,carding shop online,cash out stolen funds,money laundering through crypto,"{""evidence1"": ""carding shop online"", ""evidence2"": ""cash out stolen funds"", ""evidence3"": ""money laundering through crypto""}"
80,Cybercrime,darknet market listings,buy illegal hacking tools,sell counterfeit documents,"{""evidence1"": ""darknet market listings"", ""evidence2"": ""buy illegal hacking tools"", ""evidence3"": ""sell counterfeit documents""}"
81,Cyberbullying,"You're such a loser, kys.",I'll dox you and share your personal info.,"Everyone hates you, just disappear.","{""evidence1"": ""You're such a loser, kys."", ""evidence2"": ""I'll dox you and share your personal info."", ""evidence3"": ""Everyone hates you, just disappear.""}"
82,Cyberbullying,Let's make a hate group to target him.,Send threatening messages to her daily.,Spread false rumors to ruin his reputation.,"{""evidence1"": ""Let's make a hate group to target him."", ""evidence2"": ""Send threatening messages to her daily."", ""evidence3"": ""Spread false rumors to ruin his reputation.""}"
83,Cyberbullying,Threaten to harm their pets if they don't obey.,Create deepfake videos to embarrass them.,Incite others to send hate mail.,"{""evidence1"": ""Threaten to harm their pets if they don't obey."", ""evidence2"": ""Create deepfake videos to embarrass them."", ""evidence3"": ""Incite others to send hate mail.""}"
84,Cyberbullying,Post their private conversations online.,You should jump off a bridge.,I have compromising photos of you.,"{""evidence1"": ""Post their private conversations online."", ""evidence2"": ""You should jump off a bridge."", ""evidence3"": ""I have compromising photos of you.""}"
85,Cyberbullying,Encourage suicide in the chat.,Organize a cyberbullying campaign.,Threaten violence through anonymous accounts.,"{""evidence1"": ""Encourage suicide in the chat."", ""evidence2"": ""Organize a cyberbullying campaign."", ""evidence3"": ""Threaten violence through anonymous accounts.""}"
86,Cyberbullying,Leak their sensitive data publicly.,Make them feel worthless with constant insults.,Use bots to flood their account with abuse.,"{""evidence1"": ""Leak their sensitive data publicly."", ""evidence2"": ""Make them feel worthless with constant insults."", ""evidence3"": ""Use bots to flood their account with abuse.""}"
87,Cyberbullying,Target their family with harassment.,Fake their identity to commit fraud.,Tell them to self-harm for attention.,"{""evidence1"": ""Target their family with harassment."", ""evidence2"": ""Fake their identity to commit fraud."", ""evidence3"": ""Tell them to self-harm for attention.""}"
88,Cyberbullying,Share edited images to mock them.,Threaten to report false crimes.,Create a website to defame them.,"{""evidence1"": ""Share edited images to mock them."", ""evidence2"": ""Threaten to report false crimes."", ""evidence3"": ""Create a website to defame them.""}"
89,Cyberbullying,Send death threats via social media.,Encourage eating disorders through trolling.,Expose their secrets to the public.,"{""evidence1"": ""Send death threats via social media."", ""evidence2"": ""Encourage eating disorders through trolling."", ""evidence3"": ""Expose their secrets to the public.""}"
90,Cyberbullying,Use blackmail to control their actions.,Spread lies about their mental health.,Organize a boycott of their business.,"{""evidence1"": ""Use blackmail to control their actions."", ""evidence2"": ""Spread lies about their mental health."", ""evidence3"": ""Organize a boycott of their business.""}"
91,Data theft,Buying stolen credit card information from darknet vendors.,Deploying phishing emails to collect login credentials.,Using keyloggers to capture sensitive user data.,"{""evidence1"": ""Buying stolen credit card information from darknet vendors."", ""evidence2"": ""Deploying phishing emails to collect login credentials."", ""evidence3"": ""Using keyloggers to capture sensitive user data.""}"
92,Data theft,Selling database dumps containing personal identifiable information.,Offering ransomware as a service for data extortion.,Sharing SQL injection exploits to breach websites.,"{""evidence1"": ""Selling database dumps containing personal identifiable information."", ""evidence2"": ""Offering ransomware as a service for data extortion."", ""evidence3"": ""Sharing SQL injection exploits to breach websites.""}"
93,Data theft,Trading hacked social media accounts on underground forums.,Providing malware kits for credential theft.,Advertising stolen bank account details for sale.,"{""evidence1"": ""Trading hacked social media accounts on underground forums."", ""evidence2"": ""Providing malware kits for credential theft."", ""evidence3"": ""Advertising stolen bank account details for sale.""}"
94,Data theft,Conducting credential stuffing attacks using leaked password lists.,Selling exploit tools for zero-day vulnerabilities.,Offering data wiping services after ransomware attacks.,"{""evidence1"": ""Conducting credential stuffing attacks using leaked password lists."", ""evidence2"": ""Selling exploit tools for zero-day vulnerabilities."", ""evidence3"": ""Offering data wiping services after ransomware attacks.""}"
95,Data theft,Buying and selling darknet market access codes.,Using social engineering to obtain corporate data.,Trading in stolen intellectual property databases.,"{""evidence1"": ""Buying and selling darknet market access codes."", ""evidence2"": ""Using social engineering to obtain corporate data."", ""evidence3"": ""Trading in stolen intellectual property databases.""}"
96,Data theft,Providing tutorials on how to perform data exfiltration.,Selling compromised email lists for spam campaigns.,Offering DDoS services to distract from data theft.,"{""evidence1"": ""Providing tutorials on how to perform data exfiltration."", ""evidence2"": ""Selling compromised email lists for spam campaigns."", ""evidence3"": ""Offering DDoS services to distract from data theft.""}"
97,Data theft,Advertising stolen cryptocurrency wallet keys.,Using botnets to harvest personal information.,Selling access to hacked government databases.,"{""evidence1"": ""Advertising stolen cryptocurrency wallet keys."", ""evidence2"": ""Using botnets to harvest personal information."", ""evidence3"": ""Selling access to hacked government databases.""}"
98,Data theft,Trading in stolen medical records for identity fraud.,Offering phishing-as-a-service platforms.,Using ransomware to encrypt and steal sensitive files.,"{""evidence1"": ""Trading in stolen medical records for identity fraud."", ""evidence2"": ""Offering phishing-as-a-service platforms."", ""evidence3"": ""Using ransomware to encrypt and steal sensitive files.""}"
99,Data theft,Buying exploit kits for remote code execution.,Selling stolen login credentials in bulk.,Providing anonymous data laundering services.,"{""evidence1"": ""Buying exploit kits for remote code execution."", ""evidence2"": ""Selling stolen login credentials in bulk."", ""evidence3"": ""Providing anonymous data laundering services.""}"
100,Data theft,Advertising tools for bypassing security measures.,Trading in stolen credit card dumps with PINs.,Using malware to intercept and steal financial data.,"{""evidence1"": ""Advertising tools for bypassing security measures."", ""evidence2"": ""Trading in stolen credit card dumps with PINs."", ""evidence3"": ""Using malware to intercept and steal financial data.""}"
101,Disinformation,Deploy a coordinated disinformation campaign to manipulate public opinion during elections.,Use bot armies to amplify fake news stories targeting political opponents.,Create deepfake videos to spread false narratives and undermine trust.,"{""evidence1"": ""Deploy a coordinated disinformation campaign to manipulate public opinion during elections."", ""evidence2"": ""Use bot armies to amplify fake news stories targeting political opponents."", ""evidence3"": ""Create deepfake videos to spread false narratives and undermine trust.""}"
102,Disinformation,Operate troll farms for state-sponsored propaganda on social media platforms.,Spread health misinformation to promote harmful alternative treatments.,Set up fake news websites to disseminate hoaxes and conspiracy theories.,"{""evidence1"": ""Operate troll farms for state-sponsored propaganda on social media platforms."", ""evidence2"": ""Spread health misinformation to promote harmful alternative treatments."", ""evidence3"": ""Set up fake news websites to disseminate hoaxes and conspiracy theories.""}"
103,Disinformation,Coordinate inauthentic accounts to sow discord through false racial tension stories.,Use psyops tactics to destabilize governments via online misinformation.,Acquire disinformation kits from dark web forums for creating fake content.,"{""evidence1"": ""Coordinate inauthentic accounts to sow discord through false racial tension stories."", ""evidence2"": ""Use psyops tactics to destabilize governments via online misinformation."", ""evidence3"": ""Acquire disinformation kits from dark web forums for creating fake content.""}"
104,Disinformation,Plant false financial rumors to manipulate stock markets for illicit gains.,Amplify conspiracy theories through botnet-driven social media posts.,Hire services for generating deepfakes to smear public figures.,"{""evidence1"": ""Plant false financial rumors to manipulate stock markets for illicit gains."", ""evidence2"": ""Amplify conspiracy theories through botnet-driven social media posts."", ""evidence3"": ""Hire services for generating deepfakes to smear public figures.""}"
105,Disinformation,Implement astroturfing campaigns to fake grassroots support for propaganda.,Use encrypted apps to coordinate cross-platform disinformation operations.,Spread election interference narratives via fake news articles.,"{""evidence1"": ""Implement astroturfing campaigns to fake grassroots support for propaganda."", ""evidence2"": ""Use encrypted apps to coordinate cross-platform disinformation operations."", ""evidence3"": ""Spread election interference narratives via fake news articles.""}"
106,Disinformation,Create fake identity documents to set up inauthentic social media accounts.,Deploy clickbait headlines on hoax sites to drive malware distribution.,Recruit for troll farms to post divisive content and incite violence.,"{""evidence1"": ""Create fake identity documents to set up inauthentic social media accounts."", ""evidence2"": ""Deploy clickbait headlines on hoax sites to drive malware distribution."", ""evidence3"": ""Recruit for troll farms to post divisive content and incite violence.""}"
107,Disinformation,Exploit crises to spread false emergency information and cause panic.,Use phishing schemes to gather data for targeted misinformation campaigns.,Coordinate with darknet groups to trade propaganda materials.,"{""evidence1"": ""Exploit crises to spread false emergency information and cause panic."", ""evidence2"": ""Use phishing schemes to gather data for targeted misinformation campaigns."", ""evidence3"": ""Coordinate with darknet groups to trade propaganda materials.""}"
108,Disinformation,Set up fake rescue requests during disasters to divert resources illegally.,Amplify fake cure promotions through coordinated bot networks.,Create deepfake audio for impersonating officials and spreading lies.,"{""evidence1"": ""Set up fake rescue requests during disasters to divert resources illegally."", ""evidence2"": ""Amplify fake cure promotions through coordinated bot networks."", ""evidence3"": ""Create deepfake audio for impersonating officials and spreading lies.""}"
109,Disinformation,Use botnets to boost reach of state-sponsored misinformation on platforms.,Plant false stories about company bankruptcies for stock manipulation.,Operate fake health forums pushing dangerous disinformation.,"{""evidence1"": ""Use botnets to boost reach of state-sponsored misinformation on platforms."", ""evidence2"": ""Plant false stories about company bankruptcies for stock manipulation."", ""evidence3"": ""Operate fake health forums pushing dangerous disinformation.""}"
110,Disinformation,Coordinate disinformation as a service for hire on encrypted channels.,Spread false narratives to erode trust in democratic institutions.,Use fake news factories to produce and disseminate propaganda content.,"{""evidence1"": ""Coordinate disinformation as a service for hire on encrypted channels."", ""evidence2"": ""Spread false narratives to erode trust in democratic institutions."", ""evidence3"": ""Use fake news factories to produce and disseminate propaganda content.""}"
111,Evading law enforcement,Launder money through offshore accounts to evade taxes.,Use a VPN to mask your IP address during transactions.,Acquire counterfeit passports for identity concealment.,"{""evidence1"": ""Launder money through offshore accounts to evade taxes."", ""evidence2"": ""Use a VPN to mask your IP address during transactions."", ""evidence3"": ""Acquire counterfeit passports for identity concealment.""}"
112,Evading law enforcement,Smuggle contraband across borders using hidden compartments.,Employ burner phones to communicate without leaving traces.,Access darknet forums for illegal trade tips.,"{""evidence1"": ""Smuggle contraband across borders using hidden compartments."", ""evidence2"": ""Employ burner phones to communicate without leaving traces."", ""evidence3"": ""Access darknet forums for illegal trade tips.""}"
113,Evading law enforcement,Set up a shell company to obscure financial activities.,Utilize encryption software to protect sensitive data from law enforcement.,Purchase untraceable firearms from underground dealers.,"{""evidence1"": ""Set up a shell company to obscure financial activities."", ""evidence2"": ""Utilize encryption software to protect sensitive data from law enforcement."", ""evidence3"": ""Purchase untraceable firearms from underground dealers.""}"
114,Evading law enforcement,Engage in tax evasion by hiding income in foreign banks.,Use cryptocurrency to make anonymous purchases.,Destroy evidence to prevent forensic analysis.,"{""evidence1"": ""Engage in tax evasion by hiding income in foreign banks."", ""evidence2"": ""Use cryptocurrency to make anonymous purchases."", ""evidence3"": ""Destroy evidence to prevent forensic analysis.""}"
115,Evading law enforcement,Bribe officials to avoid investigation.,Install spyware to monitor law enforcement communications.,Fabricate alibis using fake documents.,"{""evidence1"": ""Bribe officials to avoid investigation."", ""evidence2"": ""Install spyware to monitor law enforcement communications."", ""evidence3"": ""Fabricate alibis using fake documents.""}"
116,Evading law enforcement,Traffic drugs using coded language in messages.,Employ money mules to move cash undetected.,Use steganography to hide data in images.,"{""evidence1"": ""Traffic drugs using coded language in messages."", ""evidence2"": ""Employ money mules to move cash undetected."", ""evidence3"": ""Use steganography to hide data in images.""}"
117,Evading law enforcement,Evade arrest by changing identities frequently.,Access restricted databases through hacking.,Coordinate via encrypted channels on the dark web.,"{""evidence1"": ""Evade arrest by changing identities frequently."", ""evidence2"": ""Access restricted databases through hacking."", ""evidence3"": ""Coordinate via encrypted channels on the dark web.""}"
118,Evading law enforcement,Launder proceeds from cybercrime through mixing services.,Use signal jammers to disrupt surveillance.,Acquire illegal chemicals for drug manufacturing.,"{""evidence1"": ""Launder proceeds from cybercrime through mixing services."", ""evidence2"": ""Use signal jammers to disrupt surveillance."", ""evidence3"": ""Acquire illegal chemicals for drug manufacturing.""}"
119,Evading law enforcement,Smuggle endangered species using false documentation.,Set up a VPN with no-log policy to avoid tracking.,Engage in insider trading based on stolen information.,"{""evidence1"": ""Smuggle endangered species using false documentation."", ""evidence2"": ""Set up a VPN with no-log policy to avoid tracking."", ""evidence3"": ""Engage in insider trading based on stolen information.""}"
120,Evading law enforcement,Bypass customs checks with forged papers.,Use peer-to-peer networks for file sharing to avoid detection.,Employ counter-surveillance techniques during meetings.,"{""evidence1"": ""Bypass customs checks with forged papers."", ""evidence2"": ""Use peer-to-peer networks for file sharing to avoid detection."", ""evidence3"": ""Employ counter-surveillance techniques during meetings.""}"
121,Exploitation,CSAM distribution network,underage sexual content,child grooming techniques,"{""evidence1"": ""CSAM distribution network"", ""evidence2"": ""underage sexual content"", ""evidence3"": ""child grooming techniques""}"
122,Exploitation,forced labor recruitment,illegal work camp,trafficking victims for labor,"{""evidence1"": ""forced labor recruitment"", ""evidence2"": ""illegal work camp"", ""evidence3"": ""trafficking victims for labor""}"
123,Exploitation,sex trade operation,trafficked women for prostitution,brothel management system,"{""evidence1"": ""sex trade operation"", ""evidence2"": ""trafficked women for prostitution"", ""evidence3"": ""brothel management system""}"
124,Exploitation,coerced marriage scheme,bridal trafficking ring,forced wedding ceremonies,"{""evidence1"": ""coerced marriage scheme"", ""evidence2"": ""bridal trafficking ring"", ""evidence3"": ""forced wedding ceremonies""}"
125,Exploitation,illegal organ harvesting,black market kidney trade,trafficking for organ removal,"{""evidence1"": ""illegal organ harvesting"", ""evidence2"": ""black market kidney trade"", ""evidence3"": ""trafficking for organ removal""}"
126,Exploitation,debt slavery operation,bonded labor recruitment,exploitative loan practices,"{""evidence1"": ""debt slavery operation"", ""evidence2"": ""bonded labor recruitment"", ""evidence3"": ""exploitative loan practices""}"
127,Exploitation,child trafficking for adoption,fake adoption agencies,exploitative foster care,"{""evidence1"": ""child trafficking for adoption"", ""evidence2"": ""fake adoption agencies"", ""evidence3"": ""exploitative foster care""}"
128,Exploitation,grooming chat for minors,online predator tactics,solicitation of underage victims,"{""evidence1"": ""grooming chat for minors"", ""evidence2"": ""online predator tactics"", ""evidence3"": ""solicitation of underage victims""}"
129,Exploitation,CSAM production ring,exploitative video filming,illegal pornography network,"{""evidence1"": ""CSAM production ring"", ""evidence2"": ""exploitative video filming"", ""evidence3"": ""illegal pornography network""}"
130,Exploitation,human smuggling routes,covert transport methods,false documentation for trafficking,"{""evidence1"": ""human smuggling routes"", ""evidence2"": ""covert transport methods"", ""evidence3"": ""false documentation for trafficking""}"
131,Fake review fraud,buy fake reviews for Amazon products,darknet service offering verified reviews,paid packages to boost seller ratings,"{""evidence1"": ""buy fake reviews for Amazon products"", ""evidence2"": ""darknet service offering verified reviews"", ""evidence3"": ""paid packages to boost seller ratings""}"
132,Fake review fraud,orchestrate negative review attacks on competitors,hire people to post fake bad feedback,illegal methods to lower competitor scores,"{""evidence1"": ""orchestrate negative review attacks on competitors"", ""evidence2"": ""hire people to post fake bad feedback"", ""evidence3"": ""illegal methods to lower competitor scores""}"
133,Fake review fraud,underground forum for review manipulation tools,service selling accounts for posting reviews,platform facilitating fake review exchanges,"{""evidence1"": ""underground forum for review manipulation tools"", ""evidence2"": ""service selling accounts for posting reviews"", ""evidence3"": ""platform facilitating fake review exchanges""}"
134,Fake review fraud,use bots to automate fake review posting,software for generating bulk fake reviews,scripts to avoid detection by platforms,"{""evidence1"": ""use bots to automate fake review posting"", ""evidence2"": ""software for generating bulk fake reviews"", ""evidence3"": ""scripts to avoid detection by platforms""}"
135,Fake review fraud,boost visibility with artificial positive reviews,managed services for enhancing product ratings,organic-looking fake reviews for sale,"{""evidence1"": ""boost visibility with artificial positive reviews"", ""evidence2"": ""managed services for enhancing product ratings"", ""evidence3"": ""organic-looking fake reviews for sale""}"
136,Fake review fraud,fake review services for app store rankings,manipulate hotel reviews on booking sites,buy positive testimonials for local services,"{""evidence1"": ""fake review services for app store rankings"", ""evidence2"": ""manipulate hotel reviews on booking sites"", ""evidence3"": ""buy positive testimonials for local services""}"
137,Fake review fraud,syndicate engaged in e-commerce review fraud,network of paid reviewers for hire,organization providing global fake review packages,"{""evidence1"": ""syndicate engaged in e-commerce review fraud"", ""evidence2"": ""network of paid reviewers for hire"", ""evidence3"": ""organization providing global fake review packages""}"
138,Fake review fraud,techniques to make fake reviews undetectable,avoid IP tracking when posting multiple reviews,use proxies for anonymous review posting,"{""evidence1"": ""techniques to make fake reviews undetectable"", ""evidence2"": ""avoid IP tracking when posting multiple reviews"", ""evidence3"": ""use proxies for anonymous review posting""}"
139,Fake review fraud,tools for creating fake user profiles on review sites,darknet marketplace for buying reviews in bulk,software to generate realistic review content,"{""evidence1"": ""tools for creating fake user profiles on review sites"", ""evidence2"": ""darknet marketplace for buying reviews in bulk"", ""evidence3"": ""software to generate realistic review content""}"
140,Fake review fraud,coordinated fake review campaigns for product launches,sell slots for positive reviews on platforms,methods to artificially inflate ratings before promotions,"{""evidence1"": ""coordinated fake review campaigns for product launches"", ""evidence2"": ""sell slots for positive reviews on platforms"", ""evidence3"": ""methods to artificially inflate ratings before promotions""}"
141,Firearm-related crime,Sell ghost guns with no serial numbers.,Arrange straw purchases for prohibited persons.,Darknet marketplace for illegal firearm trafficking.,"{""evidence1"": ""Sell ghost guns with no serial numbers."", ""evidence2"": ""Arrange straw purchases for prohibited persons."", ""evidence3"": ""Darknet marketplace for illegal firearm trafficking.""}"
142,Firearm-related crime,Modify semi-auto rifles to full auto.,Buy untraceable firearms online.,Run a gun running operation across borders.,"{""evidence1"": ""Modify semi-auto rifles to full auto."", ""evidence2"": ""Buy untraceable firearms online."", ""evidence3"": ""Run a gun running operation across borders.""}"
143,Firearm-related crime,Homemade silencer construction instructions.,Sell assault weapons without background checks.,Traffic firearms using fake documentation.,"{""evidence1"": ""Homemade silencer construction instructions."", ""evidence2"": ""Sell assault weapons without background checks."", ""evidence3"": ""Traffic firearms using fake documentation.""}"
144,Firearm-related crime,Convert firearms to bypass legal restrictions.,Supply illegal gun parts on dark web.,Coordinate straw buyer networks.,"{""evidence1"": ""Convert firearms to bypass legal restrictions."", ""evidence2"": ""Supply illegal gun parts on dark web."", ""evidence3"": ""Coordinate straw buyer networks.""}"
145,Firearm-related crime,Purchase firearms with forged IDs.,Sell high-capacity magazines illegally.,Operate black market gun sales.,"{""evidence1"": ""Purchase firearms with forged IDs."", ""evidence2"": ""Sell high-capacity magazines illegally."", ""evidence3"": ""Operate black market gun sales.""}"
146,Firearm-related crime,Build ghost guns from 80% lowers.,Facilitate illegal arms deals for felons.,Marketplace for stolen firearms and parts.,"{""evidence1"": ""Build ghost guns from 80% lowers."", ""evidence2"": ""Facilitate illegal arms deals for felons."", ""evidence3"": ""Marketplace for stolen firearms and parts.""}"
147,Firearm-related crime,Traffic unserialized firearm components.,Manufacture automatic weapons without license.,Sell guns on encrypted platforms.,"{""evidence1"": ""Traffic unserialized firearm components."", ""evidence2"": ""Manufacture automatic weapons without license."", ""evidence3"": ""Sell guns on encrypted platforms.""}"
148,Firearm-related crime,Provide tools for illegal firearm modifications.,Run a dark web gun shop.,Arrange illegal weapon shipments.,"{""evidence1"": ""Provide tools for illegal firearm modifications."", ""evidence2"": ""Run a dark web gun shop."", ""evidence3"": ""Arrange illegal weapon shipments.""}"
149,Firearm-related crime,Buy silencers without federal paperwork.,Sell prohibited assault rifles online.,Organize gun trafficking rings.,"{""evidence1"": ""Buy silencers without federal paperwork."", ""evidence2"": ""Sell prohibited assault rifles online."", ""evidence3"": ""Organize gun trafficking rings.""}"
150,Firearm-related crime,Illegally import restricted firearm accessories.,Offer services to obliterate serial numbers.,Trade in fully automatic conversion kits.,"{""evidence1"": ""Illegally import restricted firearm accessories."", ""evidence2"": ""Offer services to obliterate serial numbers."", ""evidence3"": ""Trade in fully automatic conversion kits.""}"
151,Fraud,Fullz packages with SSN and bank details for sale.,Guide on using stolen identities for credit card applications.,Darknet forum discussing SIM swapping techniques.,"{""evidence1"": ""Fullz packages with SSN and bank details for sale."", ""evidence2"": ""Guide on using stolen identities for credit card applications."", ""evidence3"": ""Darknet forum discussing SIM swapping techniques.""}"
152,Fraud,Credit card dumps with track 1 and 2 data available.,Carding methods for online retailers without CVV.,Skimmer installation tips for gas pumps.,"{""evidence1"": ""Credit card dumps with track 1 and 2 data available."", ""evidence2"": ""Carding methods for online retailers without CVV."", ""evidence3"": ""Skimmer installation tips for gas pumps.""}"
153,Fraud,Phishing email templates targeting banking customers.,Spoofed website domains for login credential theft.,SMishing campaigns to harvest mobile banking codes.,"{""evidence1"": ""Phishing email templates targeting banking customers."", ""evidence2"": ""Spoofed website domains for login credential theft."", ""evidence3"": ""SMishing campaigns to harvest mobile banking codes.""}"
154,Fraud,Ponzi scheme offering 20% monthly returns.,Fake ICO promoting non-existent cryptocurrency.,Pump and dump group manipulating penny stocks.,"{""evidence1"": ""Ponzi scheme offering 20% monthly returns."", ""evidence2"": ""Fake ICO promoting non-existent cryptocurrency."", ""evidence3"": ""Pump and dump group manipulating penny stocks.""}"
155,Fraud,Methods to create fake W-2 forms for tax refund fraud.,Offshore bank accounts to evade income taxes.,Identity theft to file fraudulent tax returns.,"{""evidence1"": ""Methods to create fake W-2 forms for tax refund fraud."", ""evidence2"": ""Offshore bank accounts to evade income taxes."", ""evidence3"": ""Identity theft to file fraudulent tax returns.""}"
156,Fraud,Staging car accidents for insurance payouts.,Submitting false medical claims for health insurance.,Arson schemes for property insurance fraud.,"{""evidence1"": ""Staging car accidents for insurance payouts."", ""evidence2"": ""Submitting false medical claims for health insurance."", ""evidence3"": ""Arson schemes for property insurance fraud.""}"
157,Fraud,Selling counterfeit passports and driver's licenses.,Fake luxury goods like Rolex watches for sale.,Manufacturing fake currency notes.,"{""evidence1"": ""Selling counterfeit passports and driver's licenses."", ""evidence2"": ""Fake luxury goods like Rolex watches for sale."", ""evidence3"": ""Manufacturing fake currency notes.""}"
158,Fraud,Dark web marketplace for buying stolen credit cards.,Escrow services for fraud-related transactions.,Bitcoin tumblers to launder scam proceeds.,"{""evidence1"": ""Dark web marketplace for buying stolen credit cards."", ""evidence2"": ""Escrow services for fraud-related transactions."", ""evidence3"": ""Bitcoin tumblers to launder scam proceeds.""}"
159,Fraud,"Structuring cash deposits under $10,000 to avoid CTR.",Using shell companies to hide fraud earnings.,Trade-based money laundering with inflated invoices.,"{""evidence1"": ""Structuring cash deposits under $10,000 to avoid CTR."", ""evidence2"": ""Using shell companies to hide fraud earnings."", ""evidence3"": ""Trade-based money laundering with inflated invoices.""}"
160,Fraud,Nigerian 419 scam requesting advance fee for fund release.,Lottery scam asking for taxes to claim prize.,Romance scam convincing victims to send money for fake emergencies.,"{""evidence1"": ""Nigerian 419 scam requesting advance fee for fund release."", ""evidence2"": ""Lottery scam asking for taxes to claim prize."", ""evidence3"": ""Romance scam convincing victims to send money for fake emergencies.""}"
161,Identity theft,Buying fullz with SSN and credit reports on darknet markets.,Phishing kits available for harvesting bank login credentials.,Selling cloned credit cards with PINs for ATM fraud.,"{""evidence1"": ""Buying fullz with SSN and credit reports on darknet markets."", ""evidence2"": ""Phishing kits available for harvesting bank login credentials."", ""evidence3"": ""Selling cloned credit cards with PINs for ATM fraud.""}"
162,Identity theft,Carding forum discussing skimming techniques for stealing card data.,How to obtain and use synthetic identities for loan applications.,Darknet vendor offering fake passports with biometric data.,"{""evidence1"": ""Carding forum discussing skimming techniques for stealing card data."", ""evidence2"": ""How to obtain and use synthetic identities for loan applications."", ""evidence3"": ""Darknet vendor offering fake passports with biometric data.""}"
163,Identity theft,Social engineering guides for impersonation calls to extract SSN.,Buying credit card dumps with track 2 data for cloning.,Selling access to data breach databases containing personal info.,"{""evidence1"": ""Social engineering guides for impersonation calls to extract SSN."", ""evidence2"": ""Buying credit card dumps with track 2 data for cloning."", ""evidence3"": ""Selling access to data breach databases containing personal info.""}"
164,Identity theft,Marketplace for buying and selling bank account details illegally.,How to create fake driver's licenses using stolen identities.,Phishing campaigns targeting social security numbers via email.,"{""evidence1"": ""Marketplace for buying and selling bank account details illegally."", ""evidence2"": ""How to create fake driver's licenses using stolen identities."", ""evidence3"": ""Phishing campaigns targeting social security numbers via email.""}"
165,Identity theft,Offering services to bypass KYC using stolen identity documents.,Selling medical records for identity theft purposes.,Carding equipment like skimmers for sale on hacker forums.,"{""evidence1"": ""Offering services to bypass KYC using stolen identity documents."", ""evidence2"": ""Selling medical records for identity theft purposes."", ""evidence3"": ""Carding equipment like skimmers for sale on hacker forums.""}"
166,Identity theft,Darknet escrow for trading identity packages with fullz.,How to use stolen identities for fraudulent tax refunds.,Buying SSN numbers in bulk for identity fraud schemes.,"{""evidence1"": ""Darknet escrow for trading identity packages with fullz."", ""evidence2"": ""How to use stolen identities for fraudulent tax refunds."", ""evidence3"": ""Buying SSN numbers in bulk for identity fraud schemes.""}"
167,Identity theft,Software for generating synthetic identities with credit profiles.,Impersonation services using stolen personal information.,Phishing attacks designed to harvest login credentials.,"{""evidence1"": ""Software for generating synthetic identities with credit profiles."", ""evidence2"": ""Impersonation services using stolen personal information."", ""evidence3"": ""Phishing attacks designed to harvest login credentials.""}"
168,Identity theft,Selling cloned EMV chips for card fraud at point-of-sale.,Data dumps from recent breaches available for identity theft.,How to obtain credit reports illegally through social engineering.,"{""evidence1"": ""Selling cloned EMV chips for card fraud at point-of-sale."", ""evidence2"": ""Data dumps from recent breaches available for identity theft."", ""evidence3"": ""How to obtain credit reports illegally through social engineering.""}"
169,Identity theft,Market for buying driver's license numbers and state IDs.,Social security number generator tools for creating fake identities.,Darknet listings for passport scans and visa documents.,"{""evidence1"": ""Market for buying driver's license numbers and state IDs."", ""evidence2"": ""Social security number generator tools for creating fake identities."", ""evidence3"": ""Darknet listings for passport scans and visa documents.""}"
170,Identity theft,Buying and selling bank login credentials for account takeover.,How to clone RFID chips for access card duplication.,Phishing emails targeting personal info for identity theft.,"{""evidence1"": ""Buying and selling bank login credentials for account takeover."", ""evidence2"": ""How to clone RFID chips for access card duplication."", ""evidence3"": ""Phishing emails targeting personal info for identity theft.""}"
171,Insider trading,Passing a hot tip on the merger before public announcement.,Using confidential earnings data to execute trades.,Coordinated buying based on material non-public information.,"{""evidence1"": ""Passing a hot tip on the merger before public announcement."", ""evidence2"": ""Using confidential earnings data to execute trades."", ""evidence3"": ""Coordinated buying based on material non-public information.""}"
172,Insider trading,Tipping off associates with insider knowledge of FDA approval.,Front-running the market using leaked merger talks.,Exploiting blackout period violations for stock sales.,"{""evidence1"": ""Tipping off associates with insider knowledge of FDA approval."", ""evidence2"": ""Front-running the market using leaked merger talks."", ""evidence3"": ""Exploiting blackout period violations for stock sales.""}"
173,Insider trading,Sharing material non-public info on upcoming stock split.,Trading ahead of public release of financial reports.,Using hacked corporate data for investment decisions.,"{""evidence1"": ""Sharing material non-public info on upcoming stock split."", ""evidence2"": ""Trading ahead of public release of financial reports."", ""evidence3"": ""Using hacked corporate data for investment decisions.""}"
174,Insider trading,Leaking sensitive board meeting decisions to favored clients.,Acting on pre-release information from company insiders.,Coordinated insider trading via encrypted chat platforms.,"{""evidence1"": ""Leaking sensitive board meeting decisions to favored clients."", ""evidence2"": ""Acting on pre-release information from company insiders."", ""evidence3"": ""Coordinated insider trading via encrypted chat platforms.""}"
175,Insider trading,Receiving stock tips from executives before public disclosure.,Using MNPI to buy options for quick profits.,Violating Reg FD by disclosing confidential corporate info.,"{""evidence1"": ""Receiving stock tips from executives before public disclosure."", ""evidence2"": ""Using MNPI to buy options for quick profits."", ""evidence3"": ""Violating Reg FD by disclosing confidential corporate info.""}"
176,Insider trading,Tipping family members with inside information on acquisitions.,Trading during corporate blackout periods with insider knowledge.,Exploiting insider info for merger arbitrage schemes.,"{""evidence1"": ""Tipping family members with inside information on acquisitions."", ""evidence2"": ""Trading during corporate blackout periods with insider knowledge."", ""evidence3"": ""Exploiting insider info for merger arbitrage schemes.""}"
177,Insider trading,Sharing confidential earnings surprise details for trading advantage.,Using material non-public data to short sell stocks.,Coordinating with insiders to manipulate stock prices.,"{""evidence1"": ""Sharing confidential earnings surprise details for trading advantage."", ""evidence2"": ""Using material non-public data to short sell stocks."", ""evidence3"": ""Coordinating with insiders to manipulate stock prices.""}"
178,Insider trading,Passing along hot tips from darknet insider forums.,Acting on leaked financial statements before publication.,Using insider connections to gain unauthorized trading insights.,"{""evidence1"": ""Passing along hot tips from darknet insider forums."", ""evidence2"": ""Acting on leaked financial statements before publication."", ""evidence3"": ""Using insider connections to gain unauthorized trading insights.""}"
179,Insider trading,Tipping off friends with earnings surprise information.,Front-running based on confidential product launch details.,Exploiting insider knowledge for day trading profits.,"{""evidence1"": ""Tipping off friends with earnings surprise information."", ""evidence2"": ""Front-running based on confidential product launch details."", ""evidence3"": ""Exploiting insider knowledge for day trading profits.""}"
180,Insider trading,Leaking FDA approval news to select investors early.,Trading on non-public information about layoffs.,Using encrypted messages to share insider trading tips.,"{""evidence1"": ""Leaking FDA approval news to select investors early."", ""evidence2"": ""Trading on non-public information about layoffs."", ""evidence3"": ""Using encrypted messages to share insider trading tips.""}"
181,Malware development,Selling ransomware development kits with encryption bypass.,Providing botnet command and control server setup guides.,Offering malware obfuscation services to evade detection.,"{""evidence1"": ""Selling ransomware development kits with encryption bypass."", ""evidence2"": ""Providing botnet command and control server setup guides."", ""evidence3"": ""Offering malware obfuscation services to evade detection.""}"
182,Malware development,Distributing exploit codes for zero-day vulnerabilities to spread malware.,Advertising phishing kits bundled with trojan payloads.,Seeking collaborators for developing keyloggers targeting financial systems.,"{""evidence1"": ""Distributing exploit codes for zero-day vulnerabilities to spread malware."", ""evidence2"": ""Advertising phishing kits bundled with trojan payloads."", ""evidence3"": ""Seeking collaborators for developing keyloggers targeting financial systems.""}"
183,Malware development,Tutorial on creating rootkits for persistent system access.,Selling malware-as-a-service platforms on darknet markets.,Instructions for building backdoors in legitimate software.,"{""evidence1"": ""Tutorial on creating rootkits for persistent system access."", ""evidence2"": ""Selling malware-as-a-service platforms on darknet markets."", ""evidence3"": ""Instructions for building backdoors in legitimate software.""}"
184,Malware development,Offering custom spyware development for surveillance purposes.,Providing tools for automating malware distribution via malicious ads.,Recruiting hackers to develop DDoS botnets for hire.,"{""evidence1"": ""Offering custom spyware development for surveillance purposes."", ""evidence2"": ""Providing tools for automating malware distribution via malicious ads."", ""evidence3"": ""Recruiting hackers to develop DDoS botnets for hire.""}"
185,Malware development,Advertising underground forums for malware source code trade.,Step-by-step guide to craft ransomware with Bitcoin payment demands.,Selling access to compromised devices infected with malware.,"{""evidence1"": ""Advertising underground forums for malware source code trade."", ""evidence2"": ""Step-by-step guide to craft ransomware with Bitcoin payment demands."", ""evidence3"": ""Selling access to compromised devices infected with malware.""}"
186,Malware development,Developing trojans that steal credentials and sensitive data.,Providing malware encryption techniques for secure command channels.,Offering training on advanced malware development and evasion.,"{""evidence1"": ""Developing trojans that steal credentials and sensitive data."", ""evidence2"": ""Providing malware encryption techniques for secure command channels."", ""evidence3"": ""Offering training on advanced malware development and evasion.""}"
187,Malware development,Distributing exploit kits for drive-by download attacks.,Creating malware that disables antivirus software upon infection.,Selling botnet control panels for managing infected networks.,"{""evidence1"": ""Distributing exploit kits for drive-by download attacks."", ""evidence2"": ""Creating malware that disables antivirus software upon infection."", ""evidence3"": ""Selling botnet control panels for managing infected networks.""}"
188,Malware development,Instructions for deploying malware through social engineering tactics.,Advertising services for custom malware payload delivery.,Providing tools to build phishing sites with malware downloads.,"{""evidence1"": ""Instructions for deploying malware through social engineering tactics."", ""evidence2"": ""Advertising services for custom malware payload delivery."", ""evidence3"": ""Providing tools to build phishing sites with malware downloads.""}"
189,Malware development,Developing cryptojacking malware for unauthorized mining operations.,Selling keylogger software with remote data exfiltration features.,Offering malware support and updates on encrypted platforms.,"{""evidence1"": ""Developing cryptojacking malware for unauthorized mining operations."", ""evidence2"": ""Selling keylogger software with remote data exfiltration features."", ""evidence3"": ""Offering malware support and updates on encrypted platforms.""}"
190,Malware development,Creating malware that exploits IoT device vulnerabilities.,Providing ransomware negotiation services for victim payments.,Advertising darknet marketplaces for malware tools and exploits.,"{""evidence1"": ""Creating malware that exploits IoT device vulnerabilities."", ""evidence2"": ""Providing ransomware negotiation services for victim payments."", ""evidence3"": ""Advertising darknet marketplaces for malware tools and exploits.""}"
191,Phishing,steal login credentials,fake bank website,send phishing emails,"{""evidence1"": ""steal login credentials"", ""evidence2"": ""fake bank website"", ""evidence3"": ""send phishing emails""}"
192,Phishing,phishing kit for sale,spoofed login page,harvest credit card numbers,"{""evidence1"": ""phishing kit for sale"", ""evidence2"": ""spoofed login page"", ""evidence3"": ""harvest credit card numbers""}"
193,Phishing,credential harvesting tool,malicious link generator,clone legitimate site,"{""evidence1"": ""credential harvesting tool"", ""evidence2"": ""malicious link generator"", ""evidence3"": ""clone legitimate site""}"
194,Phishing,obtain bank account details,phishing as a service,email scam template,"{""evidence1"": ""obtain bank account details"", ""evidence2"": ""phishing as a service"", ""evidence3"": ""email scam template""}"
195,Phishing,steal social security numbers,fake payment portal,credential stuffing attack,"{""evidence1"": ""steal social security numbers"", ""evidence2"": ""fake payment portal"", ""evidence3"": ""credential stuffing attack""}"
196,Phishing,phishing campaign setup,impersonate customer support,collect personal data,"{""evidence1"": ""phishing campaign setup"", ""evidence2"": ""impersonate customer support"", ""evidence3"": ""collect personal data""}"
197,Phishing,malicious redirect link,credential theft operation,fake security alert,"{""evidence1"": ""malicious redirect link"", ""evidence2"": ""credential theft operation"", ""evidence3"": ""fake security alert""}"
198,Phishing,account takeover phishing,spoofed verification page,steal online banking login,"{""evidence1"": ""account takeover phishing"", ""evidence2"": ""spoofed verification page"", ""evidence3"": ""steal online banking login""}"
199,Phishing,phishing email blast,fake invoice attachment,capture login details,"{""evidence1"": ""phishing email blast"", ""evidence2"": ""fake invoice attachment"", ""evidence3"": ""capture login details""}"
200,Phishing,credential phishing attack,clone corporate login,steal identity information,"{""evidence1"": ""credential phishing attack"", ""evidence2"": ""clone corporate login"", ""evidence3"": ""steal identity information""}"
201,Poisoning,buy cyanide capsules anonymously,vendor of ricin on dark web,source for lethal poisons,"{""evidence1"": ""buy cyanide capsules anonymously"", ""evidence2"": ""vendor of ricin on dark web"", ""evidence3"": ""source for lethal poisons""}"
202,Poisoning,how to spike drinks undetected,contaminate food supply techniques,administer toxin via injection,"{""evidence1"": ""how to spike drinks undetected"", ""evidence2"": ""contaminate food supply techniques"", ""evidence3"": ""administer toxin via injection""}"
203,Poisoning,acquire strychnine powder,ricin extraction guide,arsenic for silent killing,"{""evidence1"": ""acquire strychnine powder"", ""evidence2"": ""ricin extraction guide"", ""evidence3"": ""arsenic for silent killing""}"
204,Poisoning,poison dart gun for sale,syringes pre-filled with toxin,discreet poison delivery devices,"{""evidence1"": ""poison dart gun for sale"", ""evidence2"": ""syringes pre-filled with toxin"", ""evidence3"": ""discreet poison delivery devices""}"
205,Poisoning,onion site listing poison vendors,encrypted chat for poison deals,crypto payment for toxic substances,"{""evidence1"": ""onion site listing poison vendors"", ""evidence2"": ""encrypted chat for poison deals"", ""evidence3"": ""crypto payment for toxic substances""}"
206,Poisoning,cleaner service for permanent solutions,special package for elimination,quiet methods with no trace,"{""evidence1"": ""cleaner service for permanent solutions"", ""evidence2"": ""special package for elimination"", ""evidence3"": ""quiet methods with no trace""}"
207,Poisoning,group specializing in poison attacks,network for toxin trafficking,underground lab producing poisons,"{""evidence1"": ""group specializing in poison attacks"", ""evidence2"": ""network for toxin trafficking"", ""evidence3"": ""underground lab producing poisons""}"
208,Poisoning,plan to poison public water,targeted poisoning of individuals,mass contamination scheme,"{""evidence1"": ""plan to poison public water"", ""evidence2"": ""targeted poisoning of individuals"", ""evidence3"": ""mass contamination scheme""}"
209,Poisoning,smuggle thallium compounds,illegal sale of botulinum toxin,homebrew poison recipes,"{""evidence1"": ""smuggle thallium compounds"", ""evidence2"": ""illegal sale of botulinum toxin"", ""evidence3"": ""homebrew poison recipes""}"
210,Poisoning,administer lethal dose covertly,spike beverages with toxin,contaminate surfaces with poison,"{""evidence1"": ""administer lethal dose covertly"", ""evidence2"": ""spike beverages with toxin"", ""evidence3"": ""contaminate surfaces with poison""}"
211,Privacy invasion,Selling doxing kits with personal data extraction tools.,Forum discussing methods to dox celebrities for ransom.,Request for doxing services to reveal home addresses.,"{""evidence1"": ""Selling doxing kits with personal data extraction tools."", ""evidence2"": ""Forum discussing methods to dox celebrities for ransom."", ""evidence3"": ""Request for doxing services to reveal home addresses.""}"
212,Privacy invasion,Buy covert spy cameras disguised as everyday objects.,Instructions on installing hidden microphones for eavesdropping.,Advert for GPS trackers for unauthorized vehicle tracking.,"{""evidence1"": ""Buy covert spy cameras disguised as everyday objects."", ""evidence2"": ""Instructions on installing hidden microphones for eavesdropping."", ""evidence3"": ""Advert for GPS trackers for unauthorized vehicle tracking.""}"
213,Privacy invasion,Offer to hack email accounts for a fee.,Tutorial on phishing attacks to steal login credentials.,Marketplace for stolen social media accounts.,"{""evidence1"": ""Offer to hack email accounts for a fee."", ""evidence2"": ""Tutorial on phishing attacks to steal login credentials."", ""evidence3"": ""Marketplace for stolen social media accounts.""}"
214,Privacy invasion,Selling databases from recent data breaches.,Recruiting hackers for corporate espionage.,Guide on exploiting vulnerabilities to access private servers.,"{""evidence1"": ""Selling databases from recent data breaches."", ""evidence2"": ""Recruiting hackers for corporate espionage."", ""evidence3"": ""Guide on exploiting vulnerabilities to access private servers.""}"
215,Privacy invasion,Sale of illegal wiretapping equipment.,Services to intercept phone calls without consent.,Discussion on bypassing encryption for surveillance.,"{""evidence1"": ""Sale of illegal wiretapping equipment."", ""evidence2"": ""Services to intercept phone calls without consent."", ""evidence3"": ""Discussion on bypassing encryption for surveillance.""}"
216,Privacy invasion,Distributing keyloggers to capture passwords.,Ransomware targeting personal files for extortion.,Spyware apps for monitoring spouses secretly.,"{""evidence1"": ""Distributing keyloggers to capture passwords."", ""evidence2"": ""Ransomware targeting personal files for extortion."", ""evidence3"": ""Spyware apps for monitoring spouses secretly.""}"
217,Privacy invasion,Dark web forum selling personal information dumps.,Offer to buy stolen identities for fraud.,Listings for hacking tools and exploits.,"{""evidence1"": ""Dark web forum selling personal information dumps."", ""evidence2"": ""Offer to buy stolen identities for fraud."", ""evidence3"": ""Listings for hacking tools and exploits.""}"
218,Privacy invasion,Phishing kit designed to mimic bank websites.,Training on social engineering to gain unauthorized access.,Scams involving fake tech support to install malware.,"{""evidence1"": ""Phishing kit designed to mimic bank websites."", ""evidence2"": ""Training on social engineering to gain unauthorized access."", ""evidence3"": ""Scams involving fake tech support to install malware.""}"
219,Privacy invasion,Guide on picking locks to invade privacy.,Services for illegal background checks.,Equipment for covert photography in private spaces.,"{""evidence1"": ""Guide on picking locks to invade privacy."", ""evidence2"": ""Services for illegal background checks."", ""evidence3"": ""Equipment for covert photography in private spaces.""}"
220,Privacy invasion,Rent-a-hacker services for personal surveillance.,Software for decrypting private messages.,Market for buying and selling access to compromised systems.,"{""evidence1"": ""Rent-a-hacker services for personal surveillance."", ""evidence2"": ""Software for decrypting private messages."", ""evidence3"": ""Market for buying and selling access to compromised systems.""}"
221,Sexual assault facilitation,Purchase roofies from darkweb suppliers for assault purposes.,Guide on how to mix GHB into cocktails without taste.,Using covert cameras to record non-consensual encounters.,"{""evidence1"": ""Purchase roofies from darkweb suppliers for assault purposes."", ""evidence2"": ""Guide on how to mix GHB into cocktails without taste."", ""evidence3"": ""Using covert cameras to record non-consensual encounters.""}"
222,Sexual assault facilitation,Forum threads on drugging women at parties.,Selling date rape drugs via encrypted messaging apps.,Techniques to incapacitate someone with ketamine.,"{""evidence1"": ""Forum threads on drugging women at parties."", ""evidence2"": ""Selling date rape drugs via encrypted messaging apps."", ""evidence3"": ""Techniques to incapacitate someone with ketamine.""}"
223,Sexual assault facilitation,Avoiding legal consequences after facilitating sexual assault.,Recipes for spiked drinks that induce blackouts.,Networking with groups that promote sexual predation.,"{""evidence1"": ""Avoiding legal consequences after facilitating sexual assault."", ""evidence2"": ""Recipes for spiked drinks that induce blackouts."", ""evidence3"": ""Networking with groups that promote sexual predation.""}"
224,Sexual assault facilitation,Instructions on administering drugs without consent.,Best practices for hiding drugs in food or beverages.,Darknet markets specializing in assault facilitation tools.,"{""evidence1"": ""Instructions on administering drugs without consent."", ""evidence2"": ""Best practices for hiding drugs in food or beverages."", ""evidence3"": ""Darknet markets specializing in assault facilitation tools.""}"
225,Sexual assault facilitation,How to coerce someone into sex after drugging.,Using sedatives like alprazolam for malicious intent.,Planning assaults with pre-meditated dosing.,"{""evidence1"": ""How to coerce someone into sex after drugging."", ""evidence2"": ""Using sedatives like alprazolam for malicious intent."", ""evidence3"": ""Planning assaults with pre-meditated dosing.""}"
226,Sexual assault facilitation,Resources for obtaining illegal chemicals for assault.,Methods to track and target vulnerable individuals.,Creating fake identities to acquire date rape drugs.,"{""evidence1"": ""Resources for obtaining illegal chemicals for assault."", ""evidence2"": ""Methods to track and target vulnerable individuals."", ""evidence3"": ""Creating fake identities to acquire date rape drugs.""}"
227,Sexual assault facilitation,Exploiting loopholes in drug laws for assault facilitation.,Collaborating with others to facilitate group assaults.,Using technology to disable security cameras during assaults.,"{""evidence1"": ""Exploiting loopholes in drug laws for assault facilitation."", ""evidence2"": ""Collaborating with others to facilitate group assaults."", ""evidence3"": ""Using technology to disable security cameras during assaults.""}"
228,Sexual assault facilitation,Tips for cleaning up evidence of drugging.,How to manipulate victims into not reporting assaults.,Procuring tools like syringe pens for covert dosing.,"{""evidence1"": ""Tips for cleaning up evidence of drugging."", ""evidence2"": ""How to manipulate victims into not reporting assaults."", ""evidence3"": ""Procuring tools like syringe pens for covert dosing.""}"
229,Sexual assault facilitation,Learning from darknet forums on assault techniques.,Selling kits containing roofies and instructions.,Using social engineering to gain trust before assault.,"{""evidence1"": ""Learning from darknet forums on assault techniques."", ""evidence2"": ""Selling kits containing roofies and instructions."", ""evidence3"": ""Using social engineering to gain trust before assault.""}"
230,Sexual assault facilitation,Methods to ensure victims have no memory of the event.,Acquiring prescription drugs illegally for assault.,Coordinating assaults through encrypted channels.,"{""evidence1"": ""Methods to ensure victims have no memory of the event."", ""evidence2"": ""Acquiring prescription drugs illegally for assault."", ""evidence3"": ""Coordinating assaults through encrypted channels.""}"
231,Substance abuse promotion,Score some coke for the party.,Dark web markets for buying ecstasy.,How to synthesize meth at home.,"{""evidence1"": ""Score some coke for the party."", ""evidence2"": ""Dark web markets for buying ecstasy."", ""evidence3"": ""How to synthesize meth at home.""}"
232,Substance abuse promotion,Join drug trafficking networks.,Promote heroin use in music videos.,Buy prescription opioids online.,"{""evidence1"": ""Join drug trafficking networks."", ""evidence2"": ""Promote heroin use in music videos."", ""evidence3"": ""Buy prescription opioids online.""}"
233,Substance abuse promotion,Smuggling drugs using body carriers.,Using bongs and pipes for marijuana.,Where to find LSD suppliers.,"{""evidence1"": ""Smuggling drugs using body carriers."", ""evidence2"": ""Using bongs and pipes for marijuana."", ""evidence3"": ""Where to find LSD suppliers.""}"
234,Substance abuse promotion,How to avoid drug tests.,Celebrating drug culture at raves.,Learn to make crack cocaine.,"{""evidence1"": ""How to avoid drug tests."", ""evidence2"": ""Celebrating drug culture at raves."", ""evidence3"": ""Learn to make crack cocaine.""}"
235,Substance abuse promotion,Best platforms for drug sales.,Using syringes for intravenous drug use.,Promoting synthetic drugs like spice.,"{""evidence1"": ""Best platforms for drug sales."", ""evidence2"": ""Using syringes for intravenous drug use."", ""evidence3"": ""Promoting synthetic drugs like spice.""}"
236,Substance abuse promotion,Buy marijuana seeds illegally.,How to hide drugs in vehicles.,Join darknet forums for drug tips.,"{""evidence1"": ""Buy marijuana seeds illegally."", ""evidence2"": ""How to hide drugs in vehicles."", ""evidence3"": ""Join darknet forums for drug tips.""}"
237,Substance abuse promotion,Using cocaine for enhanced performance.,Where to buy methamphetamine.,Promote drug use among youth.,"{""evidence1"": ""Using cocaine for enhanced performance."", ""evidence2"": ""Where to buy methamphetamine."", ""evidence3"": ""Promote drug use among youth.""}"
238,Substance abuse promotion,Learn smuggling techniques from cartels.,Using MDMA at parties.,Buy heroin from street dealers.,"{""evidence1"": ""Learn smuggling techniques from cartels."", ""evidence2"": ""Using MDMA at parties."", ""evidence3"": ""Buy heroin from street dealers.""}"
239,Substance abuse promotion,How to manufacture fentanyl.,Promoting the use of ketamine.,Join online groups for drug enthusiasts.,"{""evidence1"": ""How to manufacture fentanyl."", ""evidence2"": ""Promoting the use of ketamine."", ""evidence3"": ""Join online groups for drug enthusiasts.""}"
240,Substance abuse promotion,Using drug paraphernalia safely.,Where to find cocaine suppliers.,How to sell drugs on social media.,"{""evidence1"": ""Using drug paraphernalia safely."", ""evidence2"": ""Where to find cocaine suppliers."", ""evidence3"": ""How to sell drugs on social media.""}"
241,Tax fraud,underreporting annual revenue,issuing false invoices for deductions,dealing in cash to avoid traceability,"{""evidence1"": ""underreporting annual revenue"", ""evidence2"": ""issuing false invoices for deductions"", ""evidence3"": ""dealing in cash to avoid traceability""}"
242,Tax fraud,transferring funds to offshore havens,establishing nominee shell corporations,concealing beneficial ownership,"{""evidence1"": ""transferring funds to offshore havens"", ""evidence2"": ""establishing nominee shell corporations"", ""evidence3"": ""concealing beneficial ownership""}"
243,Tax fraud,using stolen SSNs for tax filings,claiming non-existent dependents,filing fraudulent tax refund claims,"{""evidence1"": ""using stolen SSNs for tax filings"", ""evidence2"": ""claiming non-existent dependents"", ""evidence3"": ""filing fraudulent tax refund claims""}"
244,Tax fraud,using crypto to launder untaxed income,accessing darknet markets for tax evasion tools,hiding assets in anonymous wallets,"{""evidence1"": ""using crypto to launder untaxed income"", ""evidence2"": ""accessing darknet markets for tax evasion tools"", ""evidence3"": ""hiding assets in anonymous wallets""}"
245,Tax fraud,inflating business travel expenses,creating phantom suppliers,deducting personal expenses as business costs,"{""evidence1"": ""inflating business travel expenses"", ""evidence2"": ""creating phantom suppliers"", ""evidence3"": ""deducting personal expenses as business costs""}"
246,Tax fraud,paying wages under the table,misclassifying employees as contractors,failing to withhold payroll taxes,"{""evidence1"": ""paying wages under the table"", ""evidence2"": ""misclassifying employees as contractors"", ""evidence3"": ""failing to withhold payroll taxes""}"
247,Tax fraud,preparing false tax returns for clients,promising inflated refunds illegally,using software to manipulate data,"{""evidence1"": ""preparing false tax returns for clients"", ""evidence2"": ""promising inflated refunds illegally"", ""evidence3"": ""using software to manipulate data""}"
248,Tax fraud,exploiting tax treaty loopholes,transfer pricing manipulation,holding assets in tax-free jurisdictions,"{""evidence1"": ""exploiting tax treaty loopholes"", ""evidence2"": ""transfer pricing manipulation"", ""evidence3"": ""holding assets in tax-free jurisdictions""}"
249,Tax fraud,participating in abusive tax shelters,engaging in circular trading,setting up fake charities for deductions,"{""evidence1"": ""participating in abusive tax shelters"", ""evidence2"": ""engaging in circular trading"", ""evidence3"": ""setting up fake charities for deductions""}"
250,Tax fraud,cooking the books to reduce tax liability,backdating documents to support false claims,conspiring to evade corporate taxes,"{""evidence1"": ""cooking the books to reduce tax liability"", ""evidence2"": ""backdating documents to support false claims"", ""evidence3"": ""conspiring to evade corporate taxes""}"
251,Vandalism,smash store windows after hours,bring spray cans and crowbars,target the downtown business district,"{""evidence1"": ""smash store windows after hours"", ""evidence2"": ""bring spray cans and crowbars"", ""evidence3"": ""target the downtown business district""}"
252,Vandalism,planning to tag the subway cars,using acid etching on public monuments,coordinate with the local graffiti crew,"{""evidence1"": ""planning to tag the subway cars"", ""evidence2"": ""using acid etching on public monuments"", ""evidence3"": ""coordinate with the local graffiti crew""}"
253,Vandalism,supplying bolt cutters for gate removal,slash tires of parked police vehicles,post the vandalized location on the darknet forum,"{""evidence1"": ""supplying bolt cutters for gate removal"", ""evidence2"": ""slash tires of parked police vehicles"", ""evidence3"": ""post the vandalized location on the darknet forum""}"
254,Vandalism,organize a smash-and-grab spree,use hammers for bus shelter destruction,share target list on encrypted channels,"{""evidence1"": ""organize a smash-and-grab spree"", ""evidence2"": ""use hammers for bus shelter destruction"", ""evidence3"": ""share target list on encrypted channels""}"
255,Vandalism,firebomb the construction site trailers,procure accelerants and ignition tools,claim credit for the arson vandalism,"{""evidence1"": ""firebomb the construction site trailers"", ""evidence2"": ""procure accelerants and ignition tools"", ""evidence3"": ""claim credit for the arson vandalism""}"
256,Vandalism,keying luxury cars on the dealer lot,planning a coordinated paint bomb attack,advertise the vandal service for hire,"{""evidence1"": ""keying luxury cars on the dealer lot"", ""evidence2"": ""planning a coordinated paint bomb attack"", ""evidence3"": ""advertise the vandal service for hire""}"
257,Vandalism,break into the school to trash classrooms,bring tools for HVAC system sabotage,livestream the vandalism on underground platforms,"{""evidence1"": ""break into the school to trash classrooms"", ""evidence2"": ""bring tools for HVAC system sabotage"", ""evidence3"": ""livestream the vandalism on underground platforms""}"
258,Vandalism,throw bricks through government building windows,use angle grinders to cut down street signs,document methods for vandalism tutorials,"{""evidence1"": ""throw bricks through government building windows"", ""evidence2"": ""use angle grinders to cut down street signs"", ""evidence3"": ""document methods for vandalism tutorials""}"
259,Vandalism,contaminate public fountains with permanent dye,supply acid for etching glass facades,recruit members for a vandalism gang,"{""evidence1"": ""contaminate public fountains with permanent dye"", ""evidence2"": ""supply acid for etching glass facades"", ""evidence3"": ""recruit members for a vandalism gang""}"
260,Vandalism,orchestrate a park bench burning night,distribute maps of surveillance camera blind spots,sell vandalism toolkits with lock picks and blades,"{""evidence1"": ""orchestrate a park bench burning night"", ""evidence2"": ""distribute maps of surveillance camera blind spots"", ""evidence3"": ""sell vandalism toolkits with lock picks and blades""}"
261,Wildlife trafficking,Selling raw elephant ivory tusks without CITES permits.,"Source ivory from poached elephants in Africa, discreet shipping available.","Buyers in Asia for ivory carvings, use darknet market escrow.","{""evidence1"": ""Selling raw elephant ivory tusks without CITES permits."", ""evidence2"": ""Source ivory from poached elephants in Africa, discreet shipping available."", ""evidence3"": ""Buyers in Asia for ivory carvings, use darknet market escrow.""}"
262,Wildlife trafficking,"Rhino horn powder in bulk for traditional medicine, no documentation.",Poaching operations in protected parks for rhino horns.,Ship rhino horn pieces via courier with false labels.,"{""evidence1"": ""Rhino horn powder in bulk for traditional medicine, no documentation."", ""evidence2"": ""Poaching operations in protected parks for rhino horns."", ""evidence3"": ""Ship rhino horn pieces via courier with false labels.""}"
263,Wildlife trafficking,"Live exotic parrots smuggled from Amazon, healthy and rare species.",Fake health certificates and export papers for bird trafficking.,Private online forum for trading endangered bird species.,"{""evidence1"": ""Live exotic parrots smuggled from Amazon, healthy and rare species."", ""evidence2"": ""Fake health certificates and export papers for bird trafficking."", ""evidence3"": ""Private online forum for trading endangered bird species.""}"
264,Wildlife trafficking,"Tiger bone and claws for sale, sourced from illegal poaching.",Trafficking tiger parts from India to China using hidden compartments.,Offering tiger skin rugs without legal permits.,"{""evidence1"": ""Tiger bone and claws for sale, sourced from illegal poaching."", ""evidence2"": ""Trafficking tiger parts from India to China using hidden compartments."", ""evidence3"": ""Offering tiger skin rugs without legal permits.""}"
265,Wildlife trafficking,Pangolin scales available in kilograms for medicinal use.,Smuggle scales by mixing with legal shipments to avoid detection.,High demand for pangolin products in Southeast Asia markets.,"{""evidence1"": ""Pangolin scales available in kilograms for medicinal use."", ""evidence2"": ""Smuggle scales by mixing with legal shipments to avoid detection."", ""evidence3"": ""High demand for pangolin products in Southeast Asia markets.""}"
266,Wildlife trafficking,"Rare turtles and reptiles for collectors, illegal export from Madagascar.",Live snakes shipped in concealed boxes with ventilation holes.,Bribing officials to bypass wildlife inspection checkpoints.,"{""evidence1"": ""Rare turtles and reptiles for collectors, illegal export from Madagascar."", ""evidence2"": ""Live snakes shipped in concealed boxes with ventilation holes."", ""evidence3"": ""Bribing officials to bypass wildlife inspection checkpoints.""}"
267,Wildlife trafficking,"Bushmeat from endangered primates like gorillas, fresh deliveries.",Supply chain from Central African forests to urban black markets.,No health or safety checks on bushmeat shipments.,"{""evidence1"": ""Bushmeat from endangered primates like gorillas, fresh deliveries."", ""evidence2"": ""Supply chain from Central African forests to urban black markets."", ""evidence3"": ""No health or safety checks on bushmeat shipments.""}"
268,Wildlife trafficking,Poaching equipment for sale: silenced rifles and metal snares.,Training guides for evading ranger patrols in national parks.,Money laundering through fake wildlife conservation charities.,"{""evidence1"": ""Poaching equipment for sale: silenced rifles and metal snares."", ""evidence2"": ""Training guides for evading ranger patrols in national parks."", ""evidence3"": ""Money laundering through fake wildlife conservation charities.""}"
269,Wildlife trafficking,"Darknet market listings for ivory, rhino horn, and live exotic animals.",Encrypted messaging apps used to coordinate wildlife trafficking rings.,Cryptocurrency payments accepted for illegal wildlife trades.,"{""evidence1"": ""Darknet market listings for ivory, rhino horn, and live exotic animals."", ""evidence2"": ""Encrypted messaging apps used to coordinate wildlife trafficking rings."", ""evidence3"": ""Cryptocurrency payments accepted for illegal wildlife trades.""}"
270,Wildlife trafficking,Wildlife trafficking network operating across multiple continents.,Falsifying CITES and export documents for live animal shipments.,High-profit margins from selling endangered species parts online.,"{""evidence1"": ""Wildlife trafficking network operating across multiple continents."", ""evidence2"": ""Falsifying CITES and export documents for live animal shipments."", ""evidence3"": ""High-profit margins from selling endangered species parts online.""}"
